1,德邦物流,杭州市,安徽省,淮北市,179,60,40,快车,3日14:30
2,德邦物流,杭州市,安徽省,黄山市,179,60,40,快车,2日15:00
3,德邦物流,杭州市,江苏省,常州市,179,60,40,快车,2日12:30
4,德邦物流,杭州市,江苏省,淮安市,179,60,40,快车,2日10:00
5,德邦物流,杭州市,江苏省,连云港市,179,60,40,快车,2日13:30
6,德邦物流,杭州市,江苏省,南京市,179,60,30,快车,次日13:00
7,德邦物流,杭州市,江苏省,南通市,179,60,30,快车,次日13:00
8,德邦物流,杭州市,江苏省,苏州市,179,60,30,快车,次日13:00
9,德邦物流,杭州市,江苏省,宿迁市,179,60,40,快车,2日12:00
10,德邦物流,杭州市,江苏省,泰州市,179,60,40,快车,2日16:00
11,德邦物流,杭州市,江苏省,无锡市,179,60,30,快车,次日13:00
12,德邦物流,杭州市,江苏省,徐州市,179,60,40,快车,2日12:30
13,德邦物流,杭州市,江苏省,盐城市,179,60,40,快车,1日16:00
14,德邦物流,杭州市,江苏省,扬州市,179,60,40,快车,1日14:00
15,德邦物流,杭州市,江苏省,镇江市,179,60,30,快车,次日13:00
16,德邦物流,杭州市,上海市,上海市,179,80,30,快车,次日13:00
17,德邦物流,杭州市,浙江省,杭州市,179,60,30,快车,次日13:00
18,德邦物流,杭州市,浙江省,湖州市,179,60,30,快车,次日13:00
19,德邦物流,杭州市,浙江省,嘉兴市,179,60,30,快车,次日13:00
20,德邦物流,杭州市,浙江省,金华市,179,60,30,快车,次日13:00
21,德邦物流,杭州市,浙江省,丽水市,179,60,40,快车,1日14：00
22,德邦物流,杭州市,浙江省,宁波市,179,60,30,快车,次日13:00
23,德邦物流,杭州市,浙江省,衢州市,179,60,30,快车,1日14：00
24,德邦物流,杭州市,浙江省,绍兴市,179,60,30,快车,次日13:00
25,德邦物流,杭州市,浙江省,台州市,179,60,40,快车,2日10：00
26,德邦物流,杭州市,浙江省,温州市,179,60,40,快车,2日10：00
27,德邦物流,杭州市,浙江省,舟山市,179,60,30,快车,次日13:00
28,德邦物流,杭州市,安徽省,亳州市,200,60,40,快车,2日14:00
29,德邦物流,杭州市,安徽省,合肥市,200,60,40,快车,2日10:00
30,德邦物流,杭州市,安徽省,安庆市,252,60,40,快车,2日13:30
31,德邦物流,杭州市,安徽省,蚌埠市,252,60,40,快车,2日13:30
32,德邦物流,杭州市,安徽省,滁州市,252,60,40,快车,1日14:30
33,德邦物流,杭州市,安徽省,阜阳市,252,60,40,快车,2日15:00
34,德邦物流,杭州市,安徽省,淮南市,252,60,40,快车,2日14:00
35,德邦物流,杭州市,安徽省,六安市,252,60,40,快车,2日14:00
36,德邦物流,杭州市,安徽省,马鞍山市,252,60,40,快车,1日14:30
37,德邦物流,杭州市,安徽省,宿州市,252,60,40,快车,3日13:00
38,德邦物流,杭州市,安徽省,铜陵市,252,60,40,快车,2日15:00
39,德邦物流,杭州市,安徽省,芜湖市,252,60,40,快车,2日15:00
40,德邦物流,杭州市,安徽省,宣城市,252,60,40,快车,2日14:30
41,德邦物流,杭州市,山东省,济南市,389,60,40,快车,2日10:00
42,德邦物流,杭州市,山东省,青岛市,389,60,40,快车,2日10:00
43,德邦物流,杭州市,湖南省,长沙市,399,60,40,快车,3日15:00
44,德邦物流,杭州市,江西省,南昌市,399,60,40,快车,3日10:00
45,德邦物流,杭州市,江西省,鹰潭市,399,60,40,快车,3日13:00
46,德邦物流,杭州市,山东省,滨州市,410,60,40,快车,2日12:30
47,德邦物流,杭州市,山东省,德州市,410,60,40,快车,2日13:00
48,德邦物流,杭州市,山东省,东营市,410,60,40,快车,2日13:00
49,德邦物流,杭州市,山东省,菏泽市,410,60,40,快车,2日13:30
50,德邦物流,杭州市,山东省,济宁市,410,60,40,快车,2日13:30
51,德邦物流,杭州市,山东省,莱芜市,410,60,40,快车,2日12:30
52,德邦物流,杭州市,山东省,聊城市,410,60,40,快车,2日13:00
53,德邦物流,杭州市,山东省,临沂市,410,60,40,快车,2日15:30
54,德邦物流,杭州市,山东省,日照市,410,60,40,快车,2日12:30
55,德邦物流,杭州市,山东省,泰安市,410,60,40,快车,2日12:00
56,德邦物流,杭州市,山东省,威海市,410,60,40,快车,2日13:00
57,德邦物流,杭州市,山东省,潍坊市,410,60,40,快车,2日13:30
58,德邦物流,杭州市,山东省,烟台市,410,60,40,快车,2日10:30
59,德邦物流,杭州市,山东省,枣庄市,410,60,40,快车,2日13:30
60,德邦物流,杭州市,山东省,淄博市,410,60,40,快车,2日12:30
61,德邦物流,杭州市,河北省,石家庄市,420,60,40,快车,2日15:00
62,德邦物流,杭州市,湖北省,武汉市,420,60,40,快车,2日10:00
63,德邦物流,杭州市,山西省,太原市,420,60,40,快车,4日10:00
64,德邦物流,杭州市,北京市,北京市,441,80,40,快车,2日10:00
65,德邦物流,杭州市,广东省,东莞市,441,60,40,快车,3日13:00
66,德邦物流,杭州市,广东省,佛山市,441,60,40,快车,3日13:00
67,德邦物流,杭州市,广东省,广州市,441,80,40,快车,2日10:30
68,德邦物流,杭州市,广东省,中山市,441,60,40,快车,3日13:00
69,德邦物流,杭州市,广西,南宁市,441,60,40,快车,4日10:00
70,德邦物流,杭州市,河北省,保定市,441,60,40,快车,3日14:00
71,德邦物流,杭州市,河北省,沧州市,441,60,40,快车,3日14:30
72,德邦物流,杭州市,河北省,承德市,441,60,40,快车,3日12:00
73,德邦物流,杭州市,河北省,邯郸市,441,60,40,快车,3日15:40
74,德邦物流,杭州市,河北省,衡水市,441,60,40,快车,3日12:40
75,德邦物流,杭州市,河北省,廊坊市,441,60,40,快车,3日12:30
76,德邦物流,杭州市,河北省,秦皇岛市,441,60,40,快车,3日14:00
77,德邦物流,杭州市,河北省,唐山市,441,60,40,快车,3日14:00
78,德邦物流,杭州市,河北省,邢台市,441,60,40,快车,3日14:00
79,德邦物流,杭州市,河北省,张家口市,441,60,40,快车,3日14:00
80,德邦物流,杭州市,河南省,郑州市,441,60,40,快车,2日10:00
81,德邦物流,杭州市,湖南省,常德市,441,60,40,快车,3日13:30
82,德邦物流,杭州市,湖南省,郴州市,441,60,40,快车,3日10:00
83,德邦物流,杭州市,湖南省,衡阳市,441,60,40,快车,3日13:30
84,德邦物流,杭州市,湖南省,娄底市,441,60,40,快车,3日13:30
85,德邦物流,杭州市,湖南省,邵阳市,441,60,40,快车,3日14:00
86,德邦物流,杭州市,湖南省,湘潭市,441,60,40,快车,3日13:00
87,德邦物流,杭州市,湖南省,益阳市,441,60,40,快车,3日12:30
88,德邦物流,杭州市,湖南省,永州市,441,60,40,快车,3日14:00
89,德邦物流,杭州市,湖南省,岳阳市,441,60,40,快车,3日13:00
90,德邦物流,杭州市,湖南省,株洲市,441,60,40,快车,3日13:00
91,德邦物流,杭州市,江西省,抚州市,441,60,40,快车,3日12:30
92,德邦物流,杭州市,江西省,赣州市,441,60,40,快车,3日10:00
93,德邦物流,杭州市,江西省,吉安市,441,60,40,快车,3日13:00
94,德邦物流,杭州市,江西省,景德镇市,441,60,40,快车,3日14:30
95,德邦物流,杭州市,江西省,九江市,441,60,40,快车,3日15:00
96,德邦物流,杭州市,江西省,萍乡市,441,60,40,快车,3日13:00
97,德邦物流,杭州市,江西省,上饶市,441,60,40,快车,3日13:30
98,德邦物流,杭州市,江西省,新余市,441,60,40,快车,3日13:00
99,德邦物流,杭州市,江西省,宜春市,441,60,40,快车,3日13:30
100,德邦物流,杭州市,天津市,天津市,441,60,40,快车,2日10:00
101,德邦物流,杭州市,福建省,福州市,452,60,40,快车,2日10:00
102,德邦物流,杭州市,福建省,厦门市,452,60,40,快车,2日10:00
103,德邦物流,杭州市,广东省,潮州市,462,60,40,快车,4日10:00
104,德邦物流,杭州市,广东省,河源市,462,60,40,快车,3日13:00
105,德邦物流,杭州市,广东省,惠州市,462,60,40,快车,3日13:00
106,德邦物流,杭州市,广东省,江门市,462,60,40,快车,3日13:00
107,德邦物流,杭州市,广东省,揭阳市,462,60,40,快车,4日10:00
108,德邦物流,杭州市,广东省,茂名市,462,60,40,快车,3日15:30
109,德邦物流,杭州市,广东省,梅州市,462,60,40,快车,3日17:00
110,德邦物流,杭州市,广东省,清远市,462,60,40,快车,3日13:00
111,德邦物流,杭州市,广东省,汕头市,462,60,40,快车,4日10:00
112,德邦物流,杭州市,广东省,汕尾市,462,60,40,快车,3日15:00
113,德邦物流,杭州市,广东省,韶关市,462,60,40,快车,3日14:30
114,德邦物流,杭州市,广东省,深圳市,462,80,40,快车,2日10:00
115,德邦物流,杭州市,广东省,阳江市,462,60,40,快车,3日14:00
116,德邦物流,杭州市,广东省,云浮市,462,60,40,快车,3日14:00
117,德邦物流,杭州市,广东省,湛江市,462,60,40,快车,3日17:00
118,德邦物流,杭州市,广东省,肇庆市,462,60,40,快车,3日14:00
119,德邦物流,杭州市,广东省,珠海市,462,60,40,快车,3日13:00
120,德邦物流,杭州市,湖北省,鄂州市,462,60,40,快车,3日15:00
121,德邦物流,杭州市,湖北省,恩施州,462,60,40,快车,3日11:00
122,德邦物流,杭州市,湖北省,黄冈市,462,60,40,快车,3日15:00
123,德邦物流,杭州市,湖北省,黄石市,462,60,40,快车,2日15:00
124,德邦物流,杭州市,湖北省,荆门市,462,60,40,快车,2日15:00
125,德邦物流,杭州市,湖北省,荆州市,462,60,40,快车,2日15:30
126,德邦物流,杭州市,湖北省,潜江市,462,60,40,快车,2日15:00
127,德邦物流,杭州市,湖北省,十堰市,462,60,40,快车,2日17:00
128,德邦物流,杭州市,湖北省,随州市,462,60,40,快车,2日15:00
129,德邦物流,杭州市,湖北省,天门市,462,60,40,快车,2日15:00
130,德邦物流,杭州市,湖北省,仙桃市,462,60,40,快车,2日15:00
131,德邦物流,杭州市,湖北省,咸宁市,462,60,40,快车,3日15:00
132,德邦物流,杭州市,湖北省,襄阳市,462,60,40,快车,3日12:00
133,德邦物流,杭州市,湖北省,孝感市,462,60,40,快车,2日15:00
134,德邦物流,杭州市,湖北省,宜昌市,462,60,40,快车,3日10:00
135,德邦物流,杭州市,陕西省,西安市,462,60,40,快车,2日14:00
136,德邦物流,杭州市,福建省,龙岩市,473,60,40,快车,3日15:00
137,德邦物流,杭州市,福建省,南平市,473,60,40,快车,2日15:00
138,德邦物流,杭州市,福建省,宁德市,473,60,40,快车,2日15:00
139,德邦物流,杭州市,福建省,莆田市,473,60,40,快车,3日15:00
140,德邦物流,杭州市,福建省,泉州市,473,60,40,快车,3日16:00
141,德邦物流,杭州市,福建省,三明市,473,60,40,快车,2日10:03
142,德邦物流,杭州市,福建省,漳州市,473,60,40,快车,3日13:30
143,德邦物流,杭州市,山西省,长治市,473,60,40,快车,4日13:30
144,德邦物流,杭州市,山西省,大同市,473,60,40,快车,4日15:00
145,德邦物流,杭州市,山西省,晋城市,473,60,40,快车,2日14:00
146,德邦物流,杭州市,山西省,晋中市,473,60,40,快车,4日12:00
147,德邦物流,杭州市,山西省,临汾市,473,60,40,快车,4日14:30
148,德邦物流,杭州市,山西省,吕梁市,473,60,40,快车,4日14:00
149,德邦物流,杭州市,山西省,朔州市,473,60,40,快车,4日14:00
150,德邦物流,杭州市,山西省,忻州市,473,60,40,快车,4日12:00
151,德邦物流,杭州市,山西省,阳泉市,473,60,40,快车,4日13:00
152,德邦物流,杭州市,山西省,运城市,473,60,40,快车,3日13:00
153,德邦物流,杭州市,海南省,海口市,483,60,40,快车,5日10:00
154,德邦物流,杭州市,广西,百色市,494,60,40,快车,4日11:30
155,德邦物流,杭州市,广西,北海市,494,60,40,快车,4日12:00
156,德邦物流,杭州市,广西,防城港市,494,60,40,快车,4日12:00
157,德邦物流,杭州市,广西,贵港市,494,60,40,快车,4日12:30
158,德邦物流,杭州市,广西,桂林市,494,60,40,快车,4日15:00
159,德邦物流,杭州市,广西,河池市,494,60,40,快车,4日14:00
160,德邦物流,杭州市,广西,来宾市,494,60,40,快车,4日12:00
161,德邦物流,杭州市,广西,柳州市,494,60,40,快车,4日10:00
162,德邦物流,杭州市,广西,钦州市,494,60,40,快车,4日10:00
163,德邦物流,杭州市,广西,梧州市,494,60,40,快车,3日15:00
164,德邦物流,杭州市,广西,玉林市,494,60,40,快车,4日12:00
165,德邦物流,杭州市,河南省,安阳市,494,60,40,快车,2日15:00
166,德邦物流,杭州市,河南省,鹤壁市,494,60,40,快车,2日13:30
167,德邦物流,杭州市,河南省,济源市,494,60,40,快车,2日15:00
168,德邦物流,杭州市,河南省,焦作市,494,60,40,快车,2日14:30
169,德邦物流,杭州市,河南省,开封市,494,60,40,快车,2日12:50
170,德邦物流,杭州市,河南省,洛阳市,494,60,40,快车,2日15:00
171,德邦物流,杭州市,河南省,漯河市,494,60,40,快车,2日14:00
172,德邦物流,杭州市,河南省,南阳市,494,60,40,快车,3日15:00
173,德邦物流,杭州市,河南省,平顶山市,494,60,40,快车,2日14:00
174,德邦物流,杭州市,河南省,濮阳市,494,60,40,快车,2日14:00
175,德邦物流,杭州市,河南省,三门峡市,494,60,40,快车,2日15:00
176,德邦物流,杭州市,河南省,商丘市,494,60,40,快车,2日13:30
177,德邦物流,杭州市,河南省,新乡市,494,60,40,快车,2日15:00
178,德邦物流,杭州市,河南省,信阳市,494,60,40,快车,2日17:00
179,德邦物流,杭州市,河南省,许昌市,494,60,40,快车,2日14:00
180,德邦物流,杭州市,河南省,周口市,494,60,40,快车,2日15:00
181,德邦物流,杭州市,河南省,驻马店市,494,60,40,快车,2日15:00
182,德邦物流,杭州市,内蒙古,包头市,504,60,40,快车,4日10:00
183,德邦物流,杭州市,内蒙古,鄂尔多斯市,504,60,40,快车,4日12:00
184,德邦物流,杭州市,内蒙古,呼和浩特市,504,60,40,快车,3日16:00
185,德邦物流,杭州市,陕西省,宝鸡市,515,60,40,快车,3日12:00
186,德邦物流,杭州市,陕西省,汉中市,515,60,40,快车,3日13:30
187,德邦物流,杭州市,陕西省,渭南市,515,60,40,快车,3日11:30
188,德邦物流,杭州市,陕西省,咸阳市,515,60,40,快车,3日12:00
189,德邦物流,杭州市,陕西省,延安市,515,60,40,快车,3日15:00
190,德邦物流,杭州市,陕西省,榆林市,515,60,40,快车,无
191,德邦物流,杭州市,辽宁省,沈阳市,525,60,40,快车,3日10:00
192,德邦物流,杭州市,云南省,昆明市,525,60,40,快车,4日10:00
193,德邦物流,杭州市,云南省,普洱市,525,60,40,快车,5日17:00
194,德邦物流,杭州市,海南省,儋州市,536,60,40,快车,5日14:30
195,德邦物流,杭州市,海南省,琼海市,536,60,40,快车,5日14:30
196,德邦物流,杭州市,海南省,三亚市,536,60,40,快车,5日10:00
197,德邦物流,杭州市,海南省,文昌市,536,60,40,快车,5日14:30
198,德邦物流,杭州市,贵州省,贵阳市,557,60,40,快车,4日11:00
199,德邦物流,杭州市,黑龙江省,哈尔滨市,557,60,40,快车,4日10:00
200,德邦物流,杭州市,吉林省,长春市,557,60,40,快车,3日10:00
201,德邦物流,杭州市,吉林省,辽源市,557,60,40,快车,4日12:30
202,德邦物流,杭州市,吉林省,通化市,557,60,40,快车,4日13:00
203,德邦物流,杭州市,内蒙古,巴彦淖尔市,557,60,40,快车,4日12:00
204,德邦物流,杭州市,内蒙古,通辽市,557,60,40,快车,3日13:00
205,德邦物流,杭州市,内蒙古,乌海市,557,60,40,快车,4日14:00
206,德邦物流,杭州市,四川省,成都市,557,60,40,快车,3日10:00
207,德邦物流,杭州市,四川省,广元市,557,60,40,快车,4日14:00
208,德邦物流,杭州市,辽宁省,鞍山市,578,60,40,快车,3日11:30
209,德邦物流,杭州市,辽宁省,本溪市,578,60,40,快车,3日12:00
210,德邦物流,杭州市,辽宁省,朝阳市,578,60,40,快车,3日15:00
211,德邦物流,杭州市,辽宁省,大连市,578,60,40,快车,3日10:00
212,德邦物流,杭州市,辽宁省,丹东市,578,60,40,快车,3日14:00
213,德邦物流,杭州市,辽宁省,抚顺市,578,60,40,快车,3日11:30
214,德邦物流,杭州市,辽宁省,阜新市,578,60,40,快车,3日14:00
215,德邦物流,杭州市,辽宁省,葫芦岛市,578,60,40,快车,3日13:30
216,德邦物流,杭州市,辽宁省,锦州市,578,60,40,快车,3日14:00
217,德邦物流,杭州市,辽宁省,辽阳市,578,60,40,快车,3日11:30
218,德邦物流,杭州市,辽宁省,盘锦市,578,60,40,快车,3日12:00
219,德邦物流,杭州市,辽宁省,铁岭市,578,60,40,快车,3日11:30
220,德邦物流,杭州市,辽宁省,营口市,578,60,40,快车,3日11:30
221,德邦物流,杭州市,内蒙古,赤峰市,578,60,40,快车,4日10:00
222,德邦物流,杭州市,云南省,楚雄州,578,60,40,快车,5日14:00
223,德邦物流,杭州市,云南省,大理州,578,60,40,快车,5日17:00
224,德邦物流,杭州市,云南省,曲靖市,578,60,40,快车,5日12:00
225,德邦物流,杭州市,云南省,玉溪市,578,60,40,快车,5日17:00
226,德邦物流,杭州市,重庆市,重庆市,588,60,40,快车,3日10：00
227,德邦物流,杭州市,甘肃省,白银市,599,60,40,快车,无
228,德邦物流,杭州市,甘肃省,兰州市,599,60,40,快车,无
229,德邦物流,杭州市,宁夏,石嘴山市,599,60,40,快车,4日13:30
230,德邦物流,杭州市,宁夏,银川市,599,60,40,快车,4日10:00
231,德邦物流,杭州市,青海省,西宁市,599,60,40,快车,4日10:00
232,德邦物流,杭州市,贵州省,安顺市,609,60,40,快车,4日11:30
233,德邦物流,杭州市,贵州省,遵义市,609,60,40,快车,4日11:00
234,德邦物流,杭州市,黑龙江省,大庆市,609,60,40,快车,4日12:00
235,德邦物流,杭州市,黑龙江省,鹤岗市,609,60,40,快车,无
236,德邦物流,杭州市,黑龙江省,鸡西市,609,60,40,快车,无
237,德邦物流,杭州市,黑龙江省,佳木斯市,609,60,40,快车,4日13:30
238,德邦物流,杭州市,黑龙江省,牡丹江市,609,60,40,快车,4日12:00
239,德邦物流,杭州市,黑龙江省,齐齐哈尔市,609,60,40,快车,4日12:00
240,德邦物流,杭州市,黑龙江省,绥化市,609,60,40,快车,4日12:00
241,德邦物流,杭州市,吉林省,白山市,609,60,40,快车,4日15:00
242,德邦物流,杭州市,吉林省,吉林市,609,60,40,快车,4日12:30
243,德邦物流,杭州市,吉林省,四平市,609,60,40,快车,4日12:00
244,德邦物流,杭州市,吉林省,松原市,609,60,40,快车,4日12:00
245,德邦物流,杭州市,吉林省,延边州,609,60,40,快车,4日15:00
246,德邦物流,杭州市,四川省,巴中市,609,60,40,快车,无
247,德邦物流,杭州市,四川省,达州市,609,60,40,快车,3日16:00
248,德邦物流,杭州市,四川省,德阳市,609,60,40,快车,4日12:30
249,德邦物流,杭州市,四川省,广安市,609,60,40,快车,3日16:00
250,德邦物流,杭州市,四川省,乐山市,609,60,40,快车,4日13:30
251,德邦物流,杭州市,四川省,泸州市,609,60,40,快车,3日16:00
252,德邦物流,杭州市,四川省,眉山市,609,60,40,快车,4日11:00
253,德邦物流,杭州市,四川省,绵阳市,609,60,40,快车,4日16:00
254,德邦物流,杭州市,四川省,内江市,609,60,40,快车,3日16:00
255,德邦物流,杭州市,四川省,南充市,609,60,40,快车,3日16:00
256,德邦物流,杭州市,四川省,攀枝花市,609,60,40,快车,5日17:00
257,德邦物流,杭州市,四川省,遂宁市,609,60,40,快车,3日16:00
258,德邦物流,杭州市,四川省,雅安市,609,60,40,快车,4日13:00
259,德邦物流,杭州市,四川省,宜宾市,609,60,40,快车,4日12:30
260,德邦物流,杭州市,四川省,资阳市,609,60,40,快车,4日12:30
261,德邦物流,杭州市,四川省,自贡市,609,60,40,快车,3日16:00
262,德邦物流,杭州市,甘肃省,酒泉市,641,60,40,快车,无
263,德邦物流,杭州市,甘肃省,天水市,641,60,40,快车,3日14:30
264,德邦物流,杭州市,甘肃省,张掖市,641,60,40,快车,无
265,德邦物流,杭州市,香港,香港特别行政区,651,60,90,快车,5日10:00
266,德邦物流,杭州市,新疆,昌吉州,861,60,40,快车,无
267,德邦物流,杭州市,新疆,石河子市,861,60,40,快车,无
268,德邦物流,杭州市,新疆,乌鲁木齐市,861,60,40,快车,无
269,德邦物流,杭州市,新疆,喀什地区,903,60,40,快车,无
270,德邦物流,杭州市,西藏,拉萨市,1019,60,40,快车,无
271,德邦物流,杭州市,安徽省,安庆市,200,60,20,慢车,3-4天
272,德邦物流,杭州市,安徽省,蚌埠市,200,60,20,慢车,3-4天
273,德邦物流,杭州市,安徽省,亳州市,158,60,20,慢车,3-4天
274,德邦物流,杭州市,安徽省,滁州市,200,60,20,慢车,2-3天
275,德邦物流,杭州市,安徽省,阜阳市,200,60,20,慢车,3-4天
276,德邦物流,杭州市,安徽省,合肥市,158,60,20,慢车,3-4天
277,德邦物流,杭州市,安徽省,淮南市,200,60,20,慢车,3-4天
278,德邦物流,杭州市,安徽省,黄山市,137,60,20,慢车,3-4天
279,德邦物流,杭州市,安徽省,六安市,200,60,20,慢车,3-4天
280,德邦物流,杭州市,安徽省,马鞍山市,200,60,20,慢车,2-3天
281,德邦物流,杭州市,安徽省,铜陵市,200,60,20,慢车,3-4天
282,德邦物流,杭州市,安徽省,芜湖市,200,60,20,慢车,3-4天
283,德邦物流,杭州市,安徽省,宣城市,200,60,20,慢车,3-4天
284,德邦物流,杭州市,江苏省,常州市,137,60,20,慢车,3-4天
285,德邦物流,杭州市,江苏省,淮安市,137,60,20,慢车,3-4天
286,德邦物流,杭州市,江苏省,连云港市,137,60,20,慢车,3-4天
287,德邦物流,杭州市,江苏省,南京市,137,60,20,慢车,2-3天
288,德邦物流,杭州市,江苏省,南通市,137,60,20,慢车,2-3天
289,德邦物流,杭州市,江苏省,苏州市,137,60,20,慢车,2-3天
290,德邦物流,杭州市,江苏省,宿迁市,137,60,20,慢车,3-4天
291,德邦物流,杭州市,江苏省,泰州市,137,60,20,慢车,3-4天
292,德邦物流,杭州市,江苏省,无锡市,137,60,20,慢车,2-3天
293,德邦物流,杭州市,江苏省,盐城市,137,60,20,慢车,2-3天
294,德邦物流,杭州市,江苏省,扬州市,137,60,20,慢车,2-3天
295,德邦物流,杭州市,江苏省,镇江市,137,60,20,慢车,2-3天
296,德邦物流,杭州市,上海市,上海市,137,80,20,慢车,2-3天
297,德邦物流,杭州市,浙江省,杭州市,137,60,20,慢车,1-2天
298,德邦物流,杭州市,浙江省,湖州市,137,60,20,慢车,2-3天
299,德邦物流,杭州市,浙江省,嘉兴市,137,60,20,慢车,2-3天
300,德邦物流,杭州市,浙江省,金华市,137,60,20,慢车,2-3天
301,德邦物流,杭州市,浙江省,丽水市,137,60,20,慢车,2-3天
302,德邦物流,杭州市,浙江省,宁波市,137,60,20,慢车,2-3天
303,德邦物流,杭州市,浙江省,衢州市,137,60,20,慢车,2-3天
304,德邦物流,杭州市,浙江省,绍兴市,137,60,20,慢车,2-3天
305,德邦物流,杭州市,浙江省,台州市,137,60,20,慢车,3-4天
306,德邦物流,杭州市,浙江省,温州市,137,60,20,慢车,3-4天
307,德邦物流,杭州市,浙江省,舟山市,137,60,20,慢车,2-3天
308,德邦物流,杭州市,安徽省,淮北市,137,60,30,慢车,4-5天
309,德邦物流,杭州市,安徽省,宿州市,200,60,30,慢车,4-5天
310,德邦物流,杭州市,北京市,北京市,357,80,30,慢车,3-4天
311,德邦物流,杭州市,福建省,福州市,368,60,30,慢车,3-4天
312,德邦物流,杭州市,福建省,龙岩市,389,60,30,慢车,3-4天
313,德邦物流,杭州市,福建省,南平市,389,60,30,慢车,4-5天
314,德邦物流,杭州市,福建省,宁德市,389,60,30,慢车,4-5天
315,德邦物流,杭州市,福建省,莆田市,389,60,30,慢车,3-4天
316,德邦物流,杭州市,福建省,泉州市,389,60,30,慢车,3-4天
317,德邦物流,杭州市,福建省,三明市,389,60,30,慢车,3-4天
318,德邦物流,杭州市,福建省,厦门市,268,60,30,慢车,3-4天
319,德邦物流,杭州市,福建省,漳州市,389,60,30,慢车,3-4天
320,德邦物流,杭州市,甘肃省,白银市,525,60,30,慢车,5-6天
321,德邦物流,杭州市,甘肃省,酒泉市,567,60,30,慢车,6-7天
322,德邦物流,杭州市,甘肃省,兰州市,525,60,30,慢车,5-6天
323,德邦物流,杭州市,甘肃省,天水市,567,60,30,慢车,4-5天
324,德邦物流,杭州市,甘肃省,张掖市,567,60,30,慢车,6-7天
325,德邦物流,杭州市,广东省,潮州市,378,60,30,慢车,4-5天
326,德邦物流,杭州市,广东省,东莞市,357,60,30,慢车,4-5天
327,德邦物流,杭州市,广东省,佛山市,357,60,30,慢车,4-5天
328,德邦物流,杭州市,广东省,广州市,357,80,30,慢车,3-4天
329,德邦物流,杭州市,广东省,河源市,378,60,30,慢车,4-5天
330,德邦物流,杭州市,广东省,惠州市,378,60,30,慢车,4-5天
331,德邦物流,杭州市,广东省,江门市,378,60,30,慢车,4-5天
332,德邦物流,杭州市,广东省,揭阳市,378,60,30,慢车,4-5天
333,德邦物流,杭州市,广东省,茂名市,378,60,30,慢车,4-5天
334,德邦物流,杭州市,广东省,梅州市,378,60,30,慢车,4-5天
335,德邦物流,杭州市,广东省,清远市,378,60,30,慢车,4-5天
336,德邦物流,杭州市,广东省,汕头市,378,60,30,慢车,4-5天
337,德邦物流,杭州市,广东省,汕尾市,378,60,30,慢车,4-5天
338,德邦物流,杭州市,广东省,韶关市,378,60,30,慢车,4-5天
339,德邦物流,杭州市,广东省,深圳市,378,80,30,慢车,3-4天
340,德邦物流,杭州市,广东省,阳江市,378,60,30,慢车,4-5天
341,德邦物流,杭州市,广东省,云浮市,378,60,30,慢车,3-4天
342,德邦物流,杭州市,广东省,湛江市,378,60,30,慢车,4-5天
343,德邦物流,杭州市,广东省,肇庆市,378,60,30,慢车,4-5天
344,德邦物流,杭州市,广东省,中山市,357,60,30,慢车,4-5天
345,德邦物流,杭州市,广东省,珠海市,378,60,30,慢车,4-5天
346,德邦物流,杭州市,广西,百色市,431,60,30,慢车,5-6天
347,德邦物流,杭州市,广西,北海市,431,60,30,慢车,5-6天
348,德邦物流,杭州市,广西,防城港市,431,60,30,慢车,5-6天
349,德邦物流,杭州市,广西,贵港市,431,60,30,慢车,5-6天
350,德邦物流,杭州市,广西,桂林市,431,60,30,慢车,5-6天
351,德邦物流,杭州市,广西,河池市,431,60,30,慢车,5-6天
352,德邦物流,杭州市,广西,来宾市,431,60,30,慢车,5-6天
353,德邦物流,杭州市,广西,柳州市,431,60,30,慢车,5-6天
354,德邦物流,杭州市,广西,南宁市,378,60,30,慢车,5-6天
355,德邦物流,杭州市,广西,钦州市,431,60,30,慢车,5-6天
356,德邦物流,杭州市,广西,梧州市,431,60,30,慢车,3-4天
357,德邦物流,杭州市,广西,玉林市,431,60,30,慢车,5-6天
358,德邦物流,杭州市,贵州省,安顺市,536,60,30,慢车,5-6天
359,德邦物流,杭州市,贵州省,贵阳市,494,60,30,慢车,5-6天
360,德邦物流,杭州市,贵州省,遵义市,536,60,30,慢车,5-6天
361,德邦物流,杭州市,海南省,儋州市,473,60,30,慢车,6-7天
362,德邦物流,杭州市,海南省,海口市,420,60,30,慢车,6-7天
363,德邦物流,杭州市,海南省,琼海市,473,60,30,慢车,6-7天
364,德邦物流,杭州市,海南省,三亚市,473,60,30,慢车,6-7天
365,德邦物流,杭州市,海南省,文昌市,473,60,30,慢车,6-7天
366,德邦物流,杭州市,河北省,保定市,357,60,30,慢车,4-5天
367,德邦物流,杭州市,河北省,沧州市,357,60,30,慢车,4-5天
368,德邦物流,杭州市,河北省,承德市,357,60,30,慢车,4-5天
369,德邦物流,杭州市,河北省,邯郸市,357,60,30,慢车,4-5天
370,德邦物流,杭州市,河北省,衡水市,357,60,30,慢车,4-5天
371,德邦物流,杭州市,河北省,廊坊市,357,60,30,慢车,4-5天
372,德邦物流,杭州市,河北省,秦皇岛市,357,60,30,慢车,4-5天
373,德邦物流,杭州市,河北省,石家庄市,336,60,30,慢车,3-4天
374,德邦物流,杭州市,河北省,唐山市,357,60,30,慢车,4-5天
375,德邦物流,杭州市,河北省,邢台市,357,60,30,慢车,4-5天
376,德邦物流,杭州市,河北省,张家口市,357,60,30,慢车,4-5天
377,德邦物流,杭州市,河南省,安阳市,420,60,30,慢车,3-4天
378,德邦物流,杭州市,河南省,鹤壁市,420,60,30,慢车,3-4天
379,德邦物流,杭州市,河南省,济源市,420,60,30,慢车,3-4天
380,德邦物流,杭州市,河南省,焦作市,420,60,30,慢车,3-4天
381,德邦物流,杭州市,河南省,开封市,420,60,30,慢车,3-4天
382,德邦物流,杭州市,河南省,洛阳市,420,60,30,慢车,3-4天
383,德邦物流,杭州市,河南省,漯河市,420,60,30,慢车,3-4天
384,德邦物流,杭州市,河南省,南阳市,420,60,30,慢车,3-4天
385,德邦物流,杭州市,河南省,平顶山市,420,60,30,慢车,3-4天
386,德邦物流,杭州市,河南省,濮阳市,420,60,30,慢车,3-4天
387,德邦物流,杭州市,河南省,三门峡市,420,60,30,慢车,3-4天
388,德邦物流,杭州市,河南省,商丘市,420,60,30,慢车,3-4天
389,德邦物流,杭州市,河南省,新乡市,420,60,30,慢车,3-4天
390,德邦物流,杭州市,河南省,信阳市,420,60,30,慢车,3-4天
391,德邦物流,杭州市,河南省,许昌市,420,60,30,慢车,3-4天
392,德邦物流,杭州市,河南省,郑州市,368,60,30,慢车,4-5天
393,德邦物流,杭州市,河南省,周口市,420,60,30,慢车,3-4天
394,德邦物流,杭州市,河南省,驻马店市,420,60,30,慢车,3-4天
395,德邦物流,杭州市,黑龙江省,大庆市,536,60,30,慢车,5-6天
396,德邦物流,杭州市,黑龙江省,哈尔滨市,494,60,30,慢车,5-6天
397,德邦物流,杭州市,黑龙江省,鹤岗市,536,60,30,慢车,5-6天
398,德邦物流,杭州市,黑龙江省,鸡西市,536,60,30,慢车,5-6天
399,德邦物流,杭州市,黑龙江省,佳木斯市,536,60,30,慢车,5-6天
400,德邦物流,杭州市,黑龙江省,牡丹江市,536,60,30,慢车,5-6天
401,德邦物流,杭州市,黑龙江省,齐齐哈尔市,536,60,30,慢车,5-6天
402,德邦物流,杭州市,黑龙江省,绥化市,536,60,30,慢车,5-6天
403,德邦物流,杭州市,湖北省,鄂州市,399,60,30,慢车,3-4天
404,德邦物流,杭州市,湖北省,恩施州,399,60,30,慢车,3-4天
405,德邦物流,杭州市,湖北省,黄冈市,399,60,30,慢车,3-4天
406,德邦物流,杭州市,湖北省,黄石市,399,60,30,慢车,3-4天
407,德邦物流,杭州市,湖北省,荆门市,399,60,30,慢车,3-4天
408,德邦物流,杭州市,湖北省,荆州市,399,60,30,慢车,3-4天
409,德邦物流,杭州市,湖北省,潜江市,399,60,30,慢车,3-4天
410,德邦物流,杭州市,湖北省,十堰市,399,60,30,慢车,3-4天
411,德邦物流,杭州市,湖北省,随州市,399,60,30,慢车,3-4天
412,德邦物流,杭州市,湖北省,天门市,399,60,30,慢车,3-4天
413,德邦物流,杭州市,湖北省,武汉市,347,60,30,慢车,3-4天
414,德邦物流,杭州市,湖北省,仙桃市,399,60,30,慢车,3-4天
415,德邦物流,杭州市,湖北省,咸宁市,399,60,30,慢车,3-4天
416,德邦物流,杭州市,湖北省,襄阳市,399,60,30,慢车,4-5天
417,德邦物流,杭州市,湖北省,孝感市,399,60,30,慢车,3-4天
418,德邦物流,杭州市,湖北省,宜昌市,399,60,30,慢车,4-5天
419,德邦物流,杭州市,湖南省,长沙市,326,60,30,慢车,4-5天
420,德邦物流,杭州市,湖南省,常德市,368,60,30,慢车,4-5天
421,德邦物流,杭州市,湖南省,郴州市,368,60,30,慢车,4-5天
422,德邦物流,杭州市,湖南省,衡阳市,368,60,30,慢车,4-5天
423,德邦物流,杭州市,湖南省,娄底市,368,60,30,慢车,4-5天
424,德邦物流,杭州市,湖南省,邵阳市,368,60,30,慢车,4-5天
425,德邦物流,杭州市,湖南省,湘潭市,368,60,30,慢车,4-5天
426,德邦物流,杭州市,湖南省,益阳市,368,60,30,慢车,4-5天
427,德邦物流,杭州市,湖南省,永州市,368,60,30,慢车,4-5天
428,德邦物流,杭州市,湖南省,岳阳市,368,60,30,慢车,4-5天
429,德邦物流,杭州市,湖南省,株洲市,368,60,30,慢车,4-5天
430,德邦物流,杭州市,吉林省,白山市,536,60,30,慢车,4-5天
431,德邦物流,杭州市,吉林省,长春市,494,60,30,慢车,4-5天
432,德邦物流,杭州市,吉林省,吉林市,536,60,30,慢车,4-5天
433,德邦物流,杭州市,吉林省,辽源市,494,60,30,慢车,4-5天
434,德邦物流,杭州市,吉林省,四平市,536,60,30,慢车,4-5天
435,德邦物流,杭州市,吉林省,松原市,536,60,30,慢车,4-5天
436,德邦物流,杭州市,吉林省,通化市,494,60,30,慢车,4-5天
437,德邦物流,杭州市,吉林省,延边州,536,60,30,慢车,4-5天
438,德邦物流,杭州市,江苏省,徐州市,137,60,30,慢车,3-4天
439,德邦物流,杭州市,江西省,抚州市,368,60,30,慢车,4-5天
440,德邦物流,杭州市,江西省,赣州市,368,60,30,慢车,4-5天
441,德邦物流,杭州市,江西省,吉安市,368,60,30,慢车,4-5天
442,德邦物流,杭州市,江西省,景德镇市,368,60,30,慢车,4-5天
443,德邦物流,杭州市,江西省,九江市,368,60,30,慢车,3-4天
444,德邦物流,杭州市,江西省,南昌市,326,60,30,慢车,4-5天
445,德邦物流,杭州市,江西省,萍乡市,368,60,30,慢车,4-5天
446,德邦物流,杭州市,江西省,上饶市,368,60,30,慢车,4-5天
447,德邦物流,杭州市,江西省,新余市,368,60,30,慢车,4-5天
448,德邦物流,杭州市,江西省,宜春市,368,60,30,慢车,4-5天
449,德邦物流,杭州市,江西省,鹰潭市,326,60,30,慢车,4-5天
450,德邦物流,杭州市,辽宁省,鞍山市,504,60,30,慢车,4-5天
451,德邦物流,杭州市,辽宁省,本溪市,504,60,30,慢车,4-5天
452,德邦物流,杭州市,辽宁省,朝阳市,504,60,30,慢车,4-5天
453,德邦物流,杭州市,辽宁省,大连市,504,60,30,慢车,4-5天
454,德邦物流,杭州市,辽宁省,丹东市,504,60,30,慢车,4-5天
455,德邦物流,杭州市,辽宁省,抚顺市,504,60,30,慢车,4-5天
456,德邦物流,杭州市,辽宁省,阜新市,504,60,30,慢车,4-5天
457,德邦物流,杭州市,辽宁省,葫芦岛市,504,60,30,慢车,4-5天
458,德邦物流,杭州市,辽宁省,锦州市,504,60,30,慢车,4-5天
459,德邦物流,杭州市,辽宁省,辽阳市,504,60,30,慢车,4-5天
460,德邦物流,杭州市,辽宁省,盘锦市,504,60,30,慢车,4-5天
461,德邦物流,杭州市,辽宁省,沈阳市,452,60,30,慢车,4-5天
462,德邦物流,杭州市,辽宁省,铁岭市,504,60,30,慢车,4-5天
463,德邦物流,杭州市,辽宁省,营口市,504,60,30,慢车,4-5天
464,德邦物流,杭州市,内蒙古,巴彦淖尔市,483,60,30,慢车,5-6天
465,德邦物流,杭州市,内蒙古,包头市,431,60,30,慢车,5-6天
466,德邦物流,杭州市,内蒙古,赤峰市,504,60,30,慢车,5-6天
467,德邦物流,杭州市,内蒙古,鄂尔多斯市,431,60,30,慢车,5-6天
468,德邦物流,杭州市,内蒙古,呼和浩特市,431,60,30,慢车,4-5天
469,德邦物流,杭州市,内蒙古,通辽市,483,60,30,慢车,4-5天
470,德邦物流,杭州市,内蒙古,乌海市,483,60,30,慢车,5-6天
471,德邦物流,杭州市,宁夏,石嘴山市,525,60,30,慢车,5-6天
472,德邦物流,杭州市,宁夏,银川市,525,60,30,慢车,5-6天
473,德邦物流,杭州市,青海省,西宁市,525,60,30,慢车,5-6天
474,德邦物流,杭州市,山东省,滨州市,336,60,30,慢车,3-4天
475,德邦物流,杭州市,山东省,德州市,336,60,30,慢车,3-4天
476,德邦物流,杭州市,山东省,东营市,336,60,30,慢车,3-4天
477,德邦物流,杭州市,山东省,菏泽市,336,60,30,慢车,3-4天
478,德邦物流,杭州市,山东省,济南市,315,60,30,慢车,3-4天
479,德邦物流,杭州市,山东省,济宁市,336,60,30,慢车,3-4天
480,德邦物流,杭州市,山东省,莱芜市,336,60,30,慢车,3-4天
481,德邦物流,杭州市,山东省,聊城市,336,60,30,慢车,3-4天
482,德邦物流,杭州市,山东省,临沂市,336,60,30,慢车,4-5天
483,德邦物流,杭州市,山东省,青岛市,315,60,30,慢车,3-4天
484,德邦物流,杭州市,山东省,日照市,336,60,30,慢车,3-4天
485,德邦物流,杭州市,山东省,泰安市,336,60,30,慢车,3-4天
486,德邦物流,杭州市,山东省,威海市,336,60,30,慢车,4-5天
487,德邦物流,杭州市,山东省,潍坊市,336,60,30,慢车,3-4天
488,德邦物流,杭州市,山东省,烟台市,336,60,30,慢车,4-5天
489,德邦物流,杭州市,山东省,枣庄市,336,60,30,慢车,4-5天
490,德邦物流,杭州市,山东省,淄博市,336,60,30,慢车,3-4天
491,德邦物流,杭州市,山西省,长治市,410,60,30,慢车,5-6天
492,德邦物流,杭州市,山西省,大同市,410,60,30,慢车,5-6天
493,德邦物流,杭州市,山西省,晋城市,410,60,30,慢车,3-4天
494,德邦物流,杭州市,山西省,晋中市,410,60,30,慢车,5-6天
495,德邦物流,杭州市,山西省,临汾市,410,60,30,慢车,5-6天
496,德邦物流,杭州市,山西省,吕梁市,410,60,30,慢车,5-6天
497,德邦物流,杭州市,山西省,朔州市,410,60,30,慢车,5-6天
498,德邦物流,杭州市,山西省,太原市,357,60,30,慢车,4-5天
499,德邦物流,杭州市,山西省,忻州市,410,60,30,慢车,5-6天
500,德邦物流,杭州市,山西省,阳泉市,410,60,30,慢车,5-6天
501,德邦物流,杭州市,山西省,运城市,410,60,30,慢车,4-5天
502,德邦物流,杭州市,陕西省,宝鸡市,452,60,30,慢车,4-5天
503,德邦物流,杭州市,陕西省,汉中市,452,60,30,慢车,4-5天
504,德邦物流,杭州市,陕西省,渭南市,452,60,30,慢车,4-5天
505,德邦物流,杭州市,陕西省,西安市,399,60,30,慢车,3-4天
506,德邦物流,杭州市,陕西省,咸阳市,452,60,30,慢车,4-5天
507,德邦物流,杭州市,陕西省,延安市,452,60,30,慢车,4-5天
508,德邦物流,杭州市,陕西省,榆林市,452,60,30,慢车,5-6天
509,德邦物流,杭州市,四川省,巴中市,536,60,30,慢车,4-5天
510,德邦物流,杭州市,四川省,成都市,494,60,30,慢车,4-5天
511,德邦物流,杭州市,四川省,达州市,536,60,30,慢车,4-5天
512,德邦物流,杭州市,四川省,德阳市,536,60,30,慢车,5-6天
513,德邦物流,杭州市,四川省,广安市,536,60,30,慢车,4-5天
514,德邦物流,杭州市,四川省,广元市,494,60,30,慢车,5-6天
515,德邦物流,杭州市,四川省,乐山市,536,60,30,慢车,5-6天
516,德邦物流,杭州市,四川省,泸州市,536,60,30,慢车,4-5天
517,德邦物流,杭州市,四川省,眉山市,536,60,30,慢车,5-6天
518,德邦物流,杭州市,四川省,绵阳市,536,60,30,慢车,5-6天
519,德邦物流,杭州市,四川省,内江市,536,60,30,慢车,4-5天
520,德邦物流,杭州市,四川省,南充市,536,60,30,慢车,4-5天
521,德邦物流,杭州市,四川省,攀枝花市,536,60,30,慢车,7-8天
522,德邦物流,杭州市,四川省,遂宁市,536,60,30,慢车,4-5天
523,德邦物流,杭州市,四川省,雅安市,536,60,30,慢车,5-6天
524,德邦物流,杭州市,四川省,宜宾市,536,60,30,慢车,5-6天
525,德邦物流,杭州市,四川省,资阳市,536,60,30,慢车,5-6天
526,德邦物流,杭州市,四川省,自贡市,536,60,30,慢车,4-5天
527,德邦物流,杭州市,天津市,天津市,357,60,30,慢车,3-4天
528,德邦物流,杭州市,西藏,拉萨市,956,60,30,慢车,10-11天
529,德邦物流,杭州市,新疆,昌吉州,788,60,30,慢车,6-7天
530,德邦物流,杭州市,新疆,喀什地区,840,60,30,慢车,8-9天
531,德邦物流,杭州市,新疆,石河子市,788,60,30,慢车,6-7天
532,德邦物流,杭州市,新疆,乌鲁木齐市,788,60,30,慢车,6-7天
533,德邦物流,杭州市,云南省,楚雄州,504,60,30,慢车,6-7天
534,德邦物流,杭州市,云南省,大理州,504,60,30,慢车,6-7天
535,德邦物流,杭州市,云南省,昆明市,452,60,30,慢车,5-6天
536,德邦物流,杭州市,云南省,普洱市,452,60,30,慢车,6-7天
537,德邦物流,杭州市,云南省,曲靖市,504,60,30,慢车,6-7天
538,德邦物流,杭州市,云南省,玉溪市,504,60,30,慢车,6-7天
539,德邦物流,杭州市,重庆市,重庆市,515,60,30,慢车,4-5天
540,德邦物流,杭州市,香港,香港特别行政区,483,60,80,慢车,5-6天
541,新邦物流,杭州市,江苏省,常州市,175,60,40,快车,第1天
542,新邦物流,杭州市,江苏省,南通市,175,60,40,快车,第1天
543,新邦物流,杭州市,江苏省,苏州市,175,60,40,快车,第1天
544,新邦物流,杭州市,江苏省,无锡市,175,60,40,快车,第1天
545,新邦物流,杭州市,上海市,上海市,175,80,40,快车,第1天
546,新邦物流,杭州市,浙江省,杭州市,175,60,40,快车,第1天
547,新邦物流,杭州市,浙江省,嘉兴市,175,60,40,快车,第1天
548,新邦物流,杭州市,浙江省,宁波市,175,60,40,快车,第1天
549,新邦物流,杭州市,江苏省,南京市,205,60,60,快车,第1天
550,新邦物流,杭州市,安徽省,合肥市,225,60,60,快车,第2天
551,新邦物流,杭州市,江苏省,淮安市,295,60,60,快车,第2~3天
552,新邦物流,杭州市,江苏省,宿迁市,300,60,60,快车,第2~3天
553,新邦物流,杭州市,安徽省,芜湖市,320,60,60,快车,第3~4天
554,新邦物流,杭州市,安徽省,宣城市,320,60,60,快车,第3~4天
555,新邦物流,杭州市,安徽省,安庆市,335,60,60,快车,第3~4天
556,新邦物流,杭州市,山东省,烟台市,365,60,60,快车,第2天
557,新邦物流,杭州市,安徽省,宿州市,375,60,60,快车,第3~4天
558,新邦物流,杭州市,山东省,青岛市,375,60,60,快车,第2天
559,新邦物流,杭州市,湖南省,长沙市,385,60,60,快车,第3天
560,新邦物流,杭州市,湖南省,株洲市,385,60,60,快车,第4~5天
561,新邦物流,杭州市,海南省,海口市,390,60,60,快车,第4天
562,新邦物流,杭州市,江西省,南昌市,395,60,60,快车,第3天
563,新邦物流,杭州市,北京市,北京市,405,80,60,快车,第2天
564,新邦物流,杭州市,湖北省,武汉市,405,60,60,快车,第3天
565,新邦物流,杭州市,天津市,天津市,420,60,60,快车,第3天
566,新邦物流,杭州市,广东省,东莞市,425,60,60,快车,第3天
567,新邦物流,杭州市,广东省,广州市,425,80,60,快车,第2天
568,新邦物流,杭州市,广东省,深圳市,430,80,60,快车,第2天
569,新邦物流,杭州市,广东省,茂名市,435,60,60,快车,第3天
570,新邦物流,杭州市,广东省,汕头市,435,60,60,快车,第3天
571,新邦物流,杭州市,广东省,湛江市,435,60,60,快车,第4天
572,新邦物流,杭州市,海南省,三亚市,440,60,60,快车,第5~6天
573,新邦物流,杭州市,湖南省,湘潭市,440,60,60,快车,第4~5天
574,新邦物流,杭州市,福建省,福州市,445,60,60,快车,第3天
575,新邦物流,杭州市,广东省,佛山市,445,60,60,快车,第2天
576,新邦物流,杭州市,广东省,中山市,445,60,60,快车,第3天
577,新邦物流,杭州市,河北省,廊坊市,445,60,60,快车,第3天
578,新邦物流,杭州市,福建省,厦门市,450,60,60,快车,第2天
579,新邦物流,杭州市,广东省,惠州市,450,60,60,快车,第3天
580,新邦物流,杭州市,广东省,江门市,450,60,60,快车,第3天
581,新邦物流,杭州市,广东省,韶关市,450,60,60,快车,第3天
582,新邦物流,杭州市,广东省,珠海市,455,60,60,快车,第3天
583,新邦物流,杭州市,广东省,清远市,460,60,60,快车,第3天
584,新邦物流,杭州市,广东省,肇庆市,460,60,60,快车,第3天
585,新邦物流,杭州市,湖北省,咸宁市,460,60,60,快车,第5~6天
586,新邦物流,杭州市,江西省,九江市,460,60,60,快车,第5~6天
587,新邦物流,杭州市,湖南省,益阳市,465,60,60,快车,第4~5天
588,新邦物流,杭州市,江西省,抚州市,465,60,60,快车,第5~6天
589,新邦物流,杭州市,湖北省,仙桃市,470,60,60,快车,第5~6天
590,新邦物流,杭州市,河北省,承德市,475,60,60,快车,第4~5天
591,新邦物流,杭州市,河北省,张家口市,475,60,60,快车,第11~12天
592,新邦物流,杭州市,湖南省,郴州市,475,60,60,快车,第6~7天
593,新邦物流,杭州市,河北省,秦皇岛市,485,60,60,快车,第4~5天
594,新邦物流,杭州市,湖北省,潜江市,485,60,60,快车,第5~6天
595,新邦物流,杭州市,湖北省,天门市,485,60,60,快车,第5~6天
596,新邦物流,杭州市,内蒙古,赤峰市,485,60,60,快车,第4~5天
597,新邦物流,杭州市,广东省,河源市,495,60,60,快车,第4~5天
598,新邦物流,杭州市,山东省,日照市,495,60,60,快车,第4~5天
599,新邦物流,杭州市,湖北省,十堰市,500,60,60,快车,第5~6天
600,新邦物流,杭州市,广东省,梅州市,505,60,60,快车,第4~5天
601,新邦物流,杭州市,福建省,三明市,525,60,60,快车,第4~5天
602,新邦物流,杭州市,内蒙古,呼和浩特市,525,60,60,快车,第4~5天
603,新邦物流,杭州市,广西,玉林市,530,60,60,快车,第5~6天
604,新邦物流,杭州市,广西,桂林市,535,60,60,快车,第5~6天
605,新邦物流,杭州市,青海省,西宁市,540,60,60,快车,第2~3天
606,新邦物流,杭州市,四川省,成都市,540,60,60,快车,第3天
607,新邦物流,杭州市,内蒙古,包头市,550,60,60,快车,第5~6天
608,新邦物流,杭州市,福建省,莆田市,560,60,60,快车,第4~5天
609,新邦物流,杭州市,香港,香港特别行政区,590,60,80,快车,第5~7天
610,新邦物流,杭州市,内蒙古,鄂尔多斯市,595,60,60,快车,第7~8天
611,新邦物流,杭州市,四川省,资阳市,610,60,60,快车,第4~5天
612,新邦物流,杭州市,四川省,广安市,620,60,60,快车,第4~5天
613,新邦物流,杭州市,海南省,文昌市,625,60,60,快车,第6~7天
614,新邦物流,杭州市,四川省,宜宾市,630,60,60,快车,第4~5天
615,新邦物流,杭州市,澳门,澳门特别行政区,650,60,70,快车,第5~6天
616,新邦物流,杭州市,台湾省,台湾,3365,60,70,快车,第6~7天
617,新邦物流,杭州市,江苏省,常州市,125,60,35,快车,第1天
618,新邦物流,杭州市,江苏省,南通市,125,60,35,快车,第1天
619,新邦物流,杭州市,江苏省,苏州市,125,60,35,快车,第1天
620,新邦物流,杭州市,江苏省,无锡市,125,60,35,快车,第1天
621,新邦物流,杭州市,上海市,上海市,125,80,35,快车,第1天
622,新邦物流,杭州市,浙江省,杭州市,125,60,35,快车,第1天
623,新邦物流,杭州市,浙江省,嘉兴市,125,60,35,快车,第1天
624,新邦物流,杭州市,浙江省,宁波市,125,60,35,快车,第1天
625,新邦物流,杭州市,江苏省,南京市,155,60,50,快车,第2~3天
626,新邦物流,杭州市,浙江省,温州市,155,60,50,快车,第1~2天
627,新邦物流,杭州市,安徽省,合肥市,185,60,50,快车,第2~3天
628,新邦物流,杭州市,浙江省,金华市,220,60,50,快车,第6~7天
629,新邦物流,杭州市,浙江省,丽水市,240,60,50,快车,第7~8天
630,新邦物流,杭州市,江苏省,淮安市,245,60,50,快车,第4~5天
631,新邦物流,杭州市,江苏省,宿迁市,250,60,50,快车,第4~5天
632,新邦物流,杭州市,浙江省,衢州市,260,60,50,快车,第6~7天
633,新邦物流,杭州市,浙江省,台州市,265,60,50,快车,第3~4天
634,新邦物流,杭州市,安徽省,蚌埠市,270,60,50,快车,第4~5天
635,新邦物流,杭州市,安徽省,滁州市,270,60,50,快车,第4~5天
636,新邦物流,杭州市,安徽省,淮南市,270,60,50,快车,第4~5天
637,新邦物流,杭州市,安徽省,六安市,270,60,50,快车,第4~5天
638,新邦物流,杭州市,安徽省,马鞍山市,270,60,50,快车,第4~5天
639,新邦物流,杭州市,安徽省,铜陵市,270,60,50,快车,第4~5天
640,新邦物流,杭州市,安徽省,芜湖市,270,60,50,快车,第4~5天
641,新邦物流,杭州市,安徽省,宣城市,270,60,50,快车,第4~5天
642,新邦物流,杭州市,安徽省,巢湖市,280,60,50,快车,第4~5天
643,新邦物流,杭州市,安徽省,池州市,285,60,50,快车,第4~5天
644,新邦物流,杭州市,安徽省,安庆市,285,60,50,快车,第4~5天
645,新邦物流,杭州市,安徽省,阜阳市,285,60,50,快车,第4~5天
646,新邦物流,杭州市,安徽省,淮北市,285,60,50,快车,第4~5天
647,新邦物流,杭州市,安徽省,黄山市,285,60,50,快车,第4~5天
648,新邦物流,杭州市,江西省,南昌市,300,60,50,快车,第3~4天
649,新邦物流,杭州市,湖南省,长沙市,305,60,50,快车,第3~4天
650,新邦物流,杭州市,湖南省,株洲市,305,60,50,快车,第5~6天
651,新邦物流,杭州市,山东省,济南市,310,60,50,快车,第3~4天
652,新邦物流,杭州市,山东省,临沂市,310,60,50,快车,第2~3天
653,新邦物流,杭州市,山东省,青岛市,310,60,50,快车,第3~4天
654,新邦物流,杭州市,山东省,烟台市,310,60,50,快车,第3~4天
655,新邦物流,杭州市,河北省,石家庄市,320,60,50,快车,第4~5天
656,新邦物流,杭州市,湖北省,武汉市,320,60,50,快车,第3~4天
657,新邦物流,杭州市,天津市,天津市,320,60,50,快车,第4~5天
658,新邦物流,杭州市,安徽省,宿州市,325,60,50,快车,第4~5天
659,新邦物流,杭州市,河南省,郑州市,325,60,50,快车,第3~4天
660,新邦物流,杭州市,山东省,威海市,325,60,50,快车,第4~5天
661,新邦物流,杭州市,广东省,广州市,330,80,50,快车,第3~4天
662,新邦物流,杭州市,福建省,福州市,335,60,50,快车,第3~4天
663,新邦物流,杭州市,广东省,东莞市,335,60,50,快车,第4~5天
664,新邦物流,杭州市,广东省,深圳市,335,80,50,快车,第4~5天
665,新邦物流,杭州市,山东省,淄博市,335,60,50,快车,第3~4天
666,新邦物流,杭州市,广东省,佛山市,340,60,50,快车,第4~5天
667,新邦物流,杭州市,广东省,茂名市,340,60,50,快车,第5~6天
668,新邦物流,杭州市,广东省,湛江市,340,60,50,快车,第5~6天
669,新邦物流,杭州市,北京市,北京市,345,80,50,快车,第3~4天
670,新邦物流,杭州市,广东省,汕头市,345,60,50,快车,第4~5天
671,新邦物流,杭州市,河北省,保定市,345,60,50,快车,第4~5天
672,新邦物流,杭州市,河北省,廊坊市,345,60,50,快车,第3~4天
673,新邦物流,杭州市,山西省,太原市,345,60,50,快车,第3~4天
674,新邦物流,杭州市,福建省,泉州市,350,60,50,快车,第3~4天
675,新邦物流,杭州市,福建省,厦门市,350,60,50,快车,第3~4天
676,新邦物流,杭州市,广东省,惠州市,350,60,50,快车,第4~5天
677,新邦物流,杭州市,广东省,江门市,350,60,50,快车,第4~5天
678,新邦物流,杭州市,广东省,韶关市,350,60,50,快车,第4~5天
679,新邦物流,杭州市,广东省,中山市,350,60,50,快车,第4~5天
680,新邦物流,杭州市,广东省,珠海市,350,60,50,快车,第4~5天
681,新邦物流,杭州市,湖南省,岳阳市,355,60,50,快车,第5~6天
682,新邦物流,杭州市,山东省,泰安市,355,60,50,快车,第5~6天
683,新邦物流,杭州市,广东省,清远市,360,60,50,快车,第4~5天
684,新邦物流,杭州市,广东省,肇庆市,360,60,50,快车,第4~5天
685,新邦物流,杭州市,湖南省,常德市,360,60,50,快车,第5~6天
686,新邦物流,杭州市,湖南省,湘潭市,360,60,50,快车,第5~6天
687,新邦物流,杭州市,广西,南宁市,365,60,50,快车,第5~6天
688,新邦物流,杭州市,河南省,新乡市,365,60,50,快车,第4~5天
689,新邦物流,杭州市,江西省,九江市,365,60,50,快车,第6~7天
690,新邦物流,杭州市,陕西省,西安市,365,60,50,快车,第4~5天
691,新邦物流,杭州市,海南省,海口市,370,60,50,快车,第5~6天
692,新邦物流,杭州市,湖北省,荆门市,370,60,50,快车,第6~7天
693,新邦物流,杭州市,湖北省,荆州市,370,60,50,快车,第6~7天
694,新邦物流,杭州市,湖北省,孝感市,370,60,50,快车,第6~7天
695,新邦物流,杭州市,江苏省,连云港市,370,60,50,快车,第5~6天
696,新邦物流,杭州市,江西省,抚州市,370,60,50,快车,第6~7天
697,新邦物流,杭州市,江西省,萍乡市,370,60,50,快车,第6~7天
698,新邦物流,杭州市,江西省,上饶市,370,60,50,快车,第6~7天
699,新邦物流,杭州市,江西省,宜春市,370,60,50,快车,第6~7天
700,新邦物流,杭州市,江西省,鹰潭市,370,60,50,快车,第6~7天
701,新邦物流,杭州市,山东省,莱芜市,370,60,50,快车,第5~6天
702,新邦物流,杭州市,山东省,聊城市,370,60,50,快车,第5~6天
703,新邦物流,杭州市,湖北省,咸宁市,375,60,50,快车,第6~7天
704,新邦物流,杭州市,江西省,吉安市,375,60,50,快车,第6~7天
705,新邦物流,杭州市,山东省,济宁市,375,60,50,快车,第5~6天
706,新邦物流,杭州市,江西省,景德镇市,380,60,50,快车,第7~8天
707,新邦物流,杭州市,江西省,新余市,380,60,50,快车,第5~6天
708,新邦物流,杭州市,山东省,菏泽市,380,60,50,快车,第5~6天
709,新邦物流,杭州市,湖北省,鄂州市,385,60,50,快车,第6~7天
710,新邦物流,杭州市,湖北省,黄石市,385,60,50,快车,第6~7天
711,新邦物流,杭州市,湖北省,仙桃市,385,60,50,快车,第6~7天
712,新邦物流,杭州市,湖南省,衡阳市,385,60,50,快车,第5~6天
713,新邦物流,杭州市,湖南省,娄底市,385,60,50,快车,第5~6天
714,新邦物流,杭州市,湖南省,益阳市,385,60,50,快车,第5~6天
715,新邦物流,杭州市,河北省,沧州市,390,60,50,快车,第8~9天
716,新邦物流,杭州市,河北省,邯郸市,390,60,50,快车,第8~9天
717,新邦物流,杭州市,河北省,衡水市,390,60,50,快车,第8~9天
718,新邦物流,杭州市,湖北省,襄阳市,390,60,50,快车,第6~7天
719,新邦物流,杭州市,江苏省,徐州市,390,60,50,快车,第5~6天
720,新邦物流,杭州市,山东省,德州市,390,60,50,快车,第5~6天
721,新邦物流,杭州市,山东省,枣庄市,390,60,50,快车,第5~6天
722,新邦物流,杭州市,河南省,安阳市,395,60,50,快车,第6~7天
723,新邦物流,杭州市,湖南省,郴州市,395,60,50,快车,第7~8天
724,新邦物流,杭州市,江西省,赣州市,395,60,50,快车,第7~8天
725,新邦物流,杭州市,广东省,河源市,400,60,50,快车,第6~7天
726,新邦物流,杭州市,湖北省,黄冈市,400,60,50,快车,第6~7天
727,新邦物流,杭州市,湖北省,潜江市,400,60,50,快车,第6~7天
728,新邦物流,杭州市,湖北省,随州市,400,60,50,快车,第6~7天
729,新邦物流,杭州市,湖北省,天门市,400,60,50,快车,第6~7天
730,新邦物流,杭州市,湖北省,宜昌市,400,60,50,快车,第6~7天
731,新邦物流,杭州市,湖南省,怀化市,400,60,50,快车,第5~6天
732,新邦物流,杭州市,河北省,唐山市,405,60,50,快车,第4~5天
733,新邦物流,杭州市,河南省,焦作市,405,60,50,快车,第6~7天
734,新邦物流,杭州市,河南省,开封市,405,60,50,快车,第6~7天
735,新邦物流,杭州市,河南省,洛阳市,405,60,50,快车,第6~7天
736,新邦物流,杭州市,河南省,平顶山市,405,60,50,快车,第6~7天
737,新邦物流,杭州市,河南省,许昌市,405,60,50,快车,第6~7天
738,新邦物流,杭州市,河南省,周口市,405,60,50,快车,第6~7天
739,新邦物流,杭州市,山东省,潍坊市,405,60,50,快车,第3~4天
740,新邦物流,杭州市,福建省,漳州市,410,60,50,快车,第5~6天
741,新邦物流,杭州市,广东省,揭阳市,410,60,50,快车,第7~8天
742,新邦物流,杭州市,广东省,汕尾市,410,60,50,快车,第6~7天
743,新邦物流,杭州市,广东省,云浮市,410,60,50,快车,第6~7天
744,新邦物流,杭州市,福建省,三明市,415,60,50,快车,第5~6天
745,新邦物流,杭州市,广西,北海市,415,60,50,快车,第9~10天
746,新邦物流,杭州市,广西,柳州市,415,60,50,快车,第9~10天
747,新邦物流,杭州市,河北省,承德市,415,60,50,快车,第6~7天
748,新邦物流,杭州市,河北省,张家口市,415,60,50,快车,第13~14天
749,新邦物流,杭州市,河南省,鹤壁市,415,60,50,快车,第6~7天
750,新邦物流,杭州市,河南省,濮阳市,415,60,50,快车,第6~7天
751,新邦物流,杭州市,河南省,驻马店市,415,60,50,快车,第6~7天
752,新邦物流,杭州市,湖北省,十堰市,415,60,50,快车,第6~7天
753,新邦物流,杭州市,陕西省,宝鸡市,415,60,50,快车,第7~8天
754,新邦物流,杭州市,广西,贵港市,420,60,50,快车,第9~10天
755,新邦物流,杭州市,海南省,儋州市,420,60,50,快车,第7~8天
756,新邦物流,杭州市,海南省,三亚市,420,60,50,快车,第7~8天
757,新邦物流,杭州市,河南省,济源市,420,60,50,快车,第6~7天
758,新邦物流,杭州市,河南省,漯河市,420,60,50,快车,第6~7天
759,新邦物流,杭州市,河南省,南阳市,420,60,50,快车,第6~7天
760,新邦物流,杭州市,河南省,三门峡市,420,60,50,快车,第6~7天
761,新邦物流,杭州市,河南省,商丘市,420,60,50,快车,第6~7天
762,新邦物流,杭州市,河南省,信阳市,420,60,50,快车,第6~7天
763,新邦物流,杭州市,陕西省,渭南市,420,60,50,快车,第7~8天
764,新邦物流,杭州市,河北省,秦皇岛市,425,60,50,快车,第6~7天
765,新邦物流,杭州市,内蒙古,赤峰市,425,60,50,快车,第6~7天
766,新邦物流,杭州市,广西,防城港市,430,60,50,快车,第9~10天
767,新邦物流,杭州市,海南省,琼海市,430,60,50,快车,第8~9天
768,新邦物流,杭州市,山东省,日照市,430,60,50,快车,第6~7天
769,新邦物流,杭州市,云南省,昆明市,430,60,50,快车,第5~6天
770,新邦物流,杭州市,广西,玉林市,435,60,50,快车,第7~8天
771,新邦物流,杭州市,广西,桂林市,440,60,50,快车,第7~8天
772,新邦物流,杭州市,广西,梧州市,440,60,50,快车,第7~8天
773,新邦物流,杭州市,陕西省,汉中市,440,60,50,快车,第7~8天
774,新邦物流,杭州市,广东省,潮州市,445,60,50,快车,第7~8天
775,新邦物流,杭州市,山西省,晋城市,450,60,50,快车,第5~6天
776,新邦物流,杭州市,山西省,运城市,450,60,50,快车,第5~6天
777,新邦物流,杭州市,辽宁省,沈阳市,455,60,50,快车,第4~5天
778,新邦物流,杭州市,山西省,大同市,455,60,50,快车,第5~6天
779,新邦物流,杭州市,山西省,朔州市,455,60,50,快车,第5~6天
780,新邦物流,杭州市,福建省,莆田市,460,60,50,快车,第6~7天
781,新邦物流,杭州市,甘肃省,天水市,460,60,50,快车,第7~8天
782,新邦物流,杭州市,青海省,西宁市,460,60,50,快车,第5~6天
783,新邦物流,杭州市,陕西省,延安市,460,60,50,快车,第7~8天
784,新邦物流,杭州市,四川省,成都市,460,60,50,快车,第5~6天
785,新邦物流,杭州市,贵州省,贵阳市,465,60,50,快车,第5~6天
786,新邦物流,杭州市,内蒙古,呼和浩特市,465,60,50,快车,第6~7天
787,新邦物流,杭州市,陕西省,榆林市,465,60,50,快车,第7~8天
788,新邦物流,杭州市,重庆市,重庆市,465,60,50,快车,第5~6天
789,新邦物流,杭州市,广西,百色市,470,60,50,快车,第9~10天
790,新邦物流,杭州市,广西,钦州市,470,60,50,快车,第9~10天
791,新邦物流,杭州市,吉林省,长春市,470,60,50,快车,第4~5天
792,新邦物流,杭州市,黑龙江省,哈尔滨市,475,60,50,快车,第5~6天
793,新邦物流,杭州市,宁夏,银川市,475,60,50,快车,第7~8天
794,新邦物流,杭州市,辽宁省,大连市,480,60,50,快车,第4~5天
795,新邦物流,杭州市,云南省,玉溪市,480,60,50,快车,第9~10天
796,新邦物流,杭州市,内蒙古,包头市,490,60,50,快车,第7~8天
797,新邦物流,杭州市,四川省,绵阳市,490,60,50,快车,第5~6天
798,新邦物流,杭州市,陕西省,咸阳市,495,60,50,快车,第7~8天
799,新邦物流,杭州市,海南省,屯昌县,505,60,50,快车,第8~9天
800,新邦物流,杭州市,云南省,曲靖市,505,60,50,快车,第9~10天
801,新邦物流,杭州市,湖北省,神农架林区,510,60,50,快车,第7~8天
802,新邦物流,杭州市,海南省,万宁市,520,60,50,快车,第8~9天
803,新邦物流,杭州市,辽宁省,鞍山市,525,60,50,快车,第10~11天
804,新邦物流,杭州市,辽宁省,抚顺市,525,60,50,快车,第10~11天
805,新邦物流,杭州市,辽宁省,铁岭市,525,60,50,快车,第10~11天
806,新邦物流,杭州市,内蒙古,巴彦淖尔市,525,60,50,快车,第9~10天
807,新邦物流,杭州市,海南省,白沙黎族自治县,530,60,50,快车,第8~9天
808,新邦物流,杭州市,海南省,乐东黎族自治县,530,60,50,快车,第8~9天
809,新邦物流,杭州市,四川省,遂宁市,530,60,50,快车,第7~8天
810,新邦物流,杭州市,四川省,资阳市,530,60,50,快车,第7~8天
811,新邦物流,杭州市,贵州省,遵义市,535,60,50,快车,第7~8天
812,新邦物流,杭州市,内蒙古,鄂尔多斯市,535,60,50,快车,第9~10天
813,新邦物流,杭州市,辽宁省,盘锦市,540,60,50,快车,第10~11天
814,新邦物流,杭州市,四川省,广安市,540,60,50,快车,第7~8天
815,新邦物流,杭州市,四川省,乐山市,540,60,50,快车,第7~8天
816,新邦物流,杭州市,四川省,南充市,540,60,50,快车,第7~8天
817,新邦物流,杭州市,云南省,普洱市,540,60,50,快车,第10~11天
818,新邦物流,杭州市,贵州省,安顺市,545,60,50,快车,第7~8天
819,新邦物流,杭州市,辽宁省,锦州市,545,60,50,快车,第10~11天
820,新邦物流,杭州市,辽宁省,营口市,545,60,50,快车,第10~11天
821,新邦物流,杭州市,云南省,丽江市,545,60,50,快车,第9~10天
822,新邦物流,杭州市,辽宁省,丹东市,550,60,50,快车,第10~11天
823,新邦物流,杭州市,四川省,广元市,550,60,50,快车,第7~8天
824,新邦物流,杭州市,四川省,泸州市,550,60,50,快车,第7~8天
825,新邦物流,杭州市,四川省,宜宾市,550,60,50,快车,第7~8天
826,新邦物流,杭州市,辽宁省,朝阳市,555,60,50,快车,第10~11天
827,新邦物流,杭州市,陕西省,铜川市,555,60,50,快车,第7~8天
828,新邦物流,杭州市,海南省,昌江黎族自治县,570,60,50,快车,第8~9天
829,新邦物流,杭州市,吉林省,吉林市,570,60,50,快车,第7~8天
830,新邦物流,杭州市,吉林省,四平市,570,60,50,快车,第7~8天
831,新邦物流,杭州市,内蒙古,通辽市,570,60,50,快车,第10~11天
832,新邦物流,杭州市,吉林省,通化市,575,60,50,快车,第7~8天
833,新邦物流,杭州市,黑龙江省,大庆市,580,60,50,快车,第8~9天
834,新邦物流,杭州市,黑龙江省,佳木斯市,580,60,50,快车,第8~9天
835,新邦物流,杭州市,黑龙江省,牡丹江市,580,60,50,快车,第8~9天
836,新邦物流,杭州市,黑龙江省,齐齐哈尔市,580,60,50,快车,第8~9天
837,新邦物流,杭州市,吉林省,白山市,580,60,50,快车,第7~8天
838,新邦物流,杭州市,四川省,巴中市,580,60,50,快车,第9~10天
839,新邦物流,杭州市,黑龙江省,鹤岗市,585,60,50,快车,第8~9天
840,新邦物流,杭州市,黑龙江省,鸡西市,585,60,50,快车,第8~9天
841,新邦物流,杭州市,黑龙江省,绥化市,585,60,50,快车,第8~9天
842,新邦物流,杭州市,黑龙江省,黑河市,605,60,50,快车,第8~9天
843,新邦物流,杭州市,内蒙古,呼伦贝尔市,605,60,50,快车,第8~9天
844,新邦物流,杭州市,四川省,达州市,610,60,50,快车,第9~10天
845,新邦物流,杭州市,黑龙江省,大兴安岭地区,620,60,50,快车,第8~9天
846,新邦物流,杭州市,吉林省,松原市,635,60,50,快车,第7~8天
847,新邦物流,杭州市,西藏,拉萨市,745,60,50,快车,第17~18天
848,新邦物流,杭州市,西藏,山南地区,800,60,50,快车,第17~18天
849,新邦物流,杭州市,西藏,昌都地区,1010,60,50,快车,第17~18天
